{"cameraMode":{"drawMode":0,"name":"Shaded","section":"Shading Mode"},"sceneLighting":true,"audioPlay":false,"sceneViewState":{"m_AlwaysRefresh":false,"showFog":true,"showSkybox":true,"showFlares":true,"showImageEffects":true,"showParticleSystems":true,"showVisualEffectGraphs":true,"m_FxEnabled":true},"in2DMode":false,"pivot":{"x":0.5109572410583496,"y":4.9739580154418949,"z":14.981489181518555},"rotation":{"x":0.074929378926754,"y":0.0029915545601397754,"z":-0.00022478836763184518,"w":0.9971843361854553},"size":28.22928237915039,"orthographic":false}