{"cameraMode":{"drawMode":0,"name":"Shaded","section":"Shading Mode"},"sceneLighting":true,"audioPlay":false,"sceneViewState":{"m_AlwaysRefresh":false,"showFog":true,"showSkybox":true,"showFlares":true,"showImageEffects":true,"showParticleSystems":true,"showVisualEffectGraphs":true,"m_FxEnabled":true},"in2DMode":false,"pivot":{"x":-0.10035577416419983,"y":1.5660629272460938,"z":14.469999313354493},"rotation":{"x":0.074929378926754,"y":0.0029915545601397754,"z":-0.00022478836763184518,"w":0.9971843361854553},"size":14.923229217529297,"orthographic":false}