{"cameraMode":{"drawMode":0,"name":"Shaded","section":"Shading Mode"},"sceneLighting":true,"audioPlay":false,"sceneViewState":{"m_AlwaysRefresh":false,"showFog":true,"showSkybox":true,"showFlares":true,"showImageEffects":true,"showParticleSystems":true,"showVisualEffectGraphs":true,"m_FxEnabled":true},"in2DMode":false,"pivot":{"x":-2.2175629138946535,"y":-4.71604061126709,"z":13.783323287963868},"rotation":{"x":0.21519795060157777,"y":-0.0058594211004674438,"z":0.0012911183293908835,"w":0.976550817489624},"size":18.067731857299806,"orthographic":false}