{"cameraMode":{"drawMode":0,"name":"Shaded","section":"Shading Mode"},"sceneLighting":true,"audioPlay":false,"sceneViewState":{"m_AlwaysRefresh":false,"showFog":true,"showSkybox":true,"showFlares":true,"showImageEffects":true,"showParticleSystems":true,"showVisualEffectGraphs":true,"m_FxEnabled":true},"in2DMode":false,"pivot":{"x":14.287647247314454,"y":9.543495178222657,"z":2.13333797454834},"rotation":{"x":-0.0200923141092062,"y":-0.025491811335086824,"z":-0.0005113957449793816,"w":0.9994624853134155},"size":11.924691200256348,"orthographic":false}